Mutation,BFE changes,frequency,counts,rates,log2 enrichment
T333A,-0.0255,1,0,0.00,-0.01
T333I,0.0597,4,0,0.00,-0.06
T333K,0.1752,1,0,0.00,-0.01
T333P,0.1000,0,0,0.00,0.03
T333R,0.1567,0,0,0.00,0.00
T333S,-0.0440,0,0,0.00,-0.08
N334D,0.0389,0,5,3.85,0.07
N334H,-0.0648,2,0,0.00,-0.02
N334I,-0.1352,0,0,0.00,-0.20
N334K,-0.0220,8,0,0.00,-0.03
N334S,-0.1006,2,3,2.31,-0.06
N334T,-0.0739,0,1,0.77,-0.04
N334Y,0.1108,8,1,0.77,-0.09
L335F,0.0604,86,0,0.00,-0.03
L335M,-0.0061,0,1,0.77,0.01
L335S,0.0239,4,3,2.31,0.01
L335V,-0.0331,1,2,1.54,-0.08
L335W,0.1639,0,0,0.00,-0.05
C336F,0.0893,0,4,3.08,-0.57
C336G,-0.0651,0,32,24.62,-0.65
C336R,-0.0021,0,13,10.00,-0.99
C336S,0.0074,0,4,3.08,-0.65
C336W,0.1328,0,8,6.15,-0.81
C336Y,0.0355,0,5,3.85,-0.70
P337A,0.0042,0,4,3.08,-0.09
P337H,0.0741,2,5,3.85,-0.09
P337L,0.0374,6,4,3.08,-0.27
P337R,0.0349,1,3,2.31,-0.14
P337S,0.1039,18,4,3.08,-0.10
P337T,0.0129,17,4,3.08,-0.13
F338C,-0.2345,0,72,55.38,-0.95
F338I,-0.0399,0,9,6.92,-0.15
F338L,0.0239,60,5,3.85,-0.03
F338S,-0.3356,0,47,36.15,-1.03
F338V,-0.1787,0,16,12.31,-0.55
F338Y,-0.0443,0,12,9.23,-0.05
G339A,-0.0112,0,2,1.54,0.00
G339C,0.0848,1,2,1.54,-0.37
G339D,0.1117,60,5,3.85,0.06
G339R,0.0539,0,0,0.00,-0.10
G339S,0.0559,33,1,0.77,0.02
G339V,0.0332,10,2,1.54,-0.18
E340A,-0.0634,20,5,3.85,-0.09
E340D,0.0162,16,4,3.08,0.01
E340G,-0.0992,3,6,4.62,-0.27
E340K,-0.0048,8,2,1.54,-0.11
E340Q,-0.0645,2,4,3.08,-0.05
E340V,-0.1317,0,5,3.85,-0.26
V341A,-0.2301,0,4,3.08,-0.86
V341D,-0.0882,0,26,20.00,-0.94
V341F,-0.0357,0,2,1.54,-0.51
V341G,-0.2378,0,22,16.92,-1.06
V341I,0.0630,35,1,0.77,0.02
V341L,0.0135,0,0,0.00,-0.15
F342C,-0.2754,0,74,56.92,-1.01
F342I,-0.1858,4,30,23.08,-0.15
F342L,-0.2795,1,8,6.15,-0.28
F342S,-0.4673,0,69,53.08,-1.34
F342V,-0.1811,0,45,34.62,-0.38
F342Y,-0.3964,0,22,16.92,-0.89
N343D,-0.1431,0,6,4.62,-0.37
N343H,-0.1636,0,3,2.31,-0.31
N343I,-0.2343,0,4,3.08,-0.96
N343K,-0.1348,1,3,2.31,-0.31
N343S,-0.2160,0,2,1.54,-0.32
N343T,-0.1704,0,2,1.54,-0.35
N343Y,-0.0548,0,1,0.77,-0.46
A344D,-0.0192,1,4,3.08,-0.41
A344G,-0.0658,0,4,3.08,-0.32
A344P,-0.0665,0,18,13.85,-0.74
A344S,0.1605,161,3,2.31,-0.14
A344T,0.1201,11,3,2.31,-0.37
A344V,-0.0402,27,1,0.77,-0.46
T345A,-0.1848,0,6,4.62,-0.12
T345I,-0.0650,0,3,2.31,-0.42
T345N,-0.1265,0,5,3.85,-0.21
T345P,0.0062,0,7,5.38,-0.06
T345S,-0.0787,2,7,5.38,-0.02
R346G,-0.0462,20,16,12.31,-0.11
R346I,0.0763,39,15,11.54,-0.01
R346K,0.1234,286,6,4.62,-0.01
R346S,0.0374,290,20,15.38,0.04
R346T,0.0530,24,17,13.08,0.06
F347C,-0.3268,0,21,16.15,-1.00
F347I,-0.3871,0,5,3.85,-0.79
F347L,-0.4723,2,4,3.08,-0.87
F347S,-0.2991,0,18,13.85,-0.89
F347V,-0.3881,0,4,3.08,-0.72
F347Y,0.0474,0,9,6.92,-0.32
A348E,0.5401,1,14,10.77,-0.13
A348G,0.3897,0,6,4.62,-0.10
A348P,0.6286,3,1,0.77,-0.06
A348S,0.4616,187,3,2.31,0.01
A348T,0.4633,29,3,2.31,-0.18
A348V,0.2680,10,9,6.92,-0.49
S349A,-0.1154,1,4,3.08,-0.34
S349C,0.1635,0,17,13.08,-0.12
S349F,-0.7341,0,36,27.69,-2.03
S349P,0.0888,13,57,43.85,-0.11
S349T,-0.3019,0,3,2.31,-0.76
S349Y,-0.6869,0,41,31.54,-1.80
V350A,0.5792,0,97,74.62,-0.40
V350D,-2.6929,0,88,67.69,-4.80
V350F,-2.5921,0,121,93.08,-4.84
V350G,-0.6910,0,86,66.15,-1.90
V350I,1.2105,1,16,12.31,-0.23
V350L,-0.4409,0,70,53.85,-1.69
Y351C,0.1551,0,19,14.62,-0.60
Y351D,-1.3980,0,73,56.15,-2.72
Y351F,0.4216,19,4,3.08,-0.08
Y351H,0.0699,5,5,3.85,-0.27
Y351N,0.0802,0,35,26.92,-0.77
Y351S,0.0155,0,26,20.00,-0.71
A352D,0.1946,5,37,28.46,-0.03
A352G,0.2458,0,13,10.00,-0.19
A352P,-2.3820,0,83,63.85,-3.21
A352S,0.2576,166,6,4.62,-0.06
A352T,0.1544,1,8,6.15,-0.27
A352V,0.0848,21,4,3.08,-0.52
W353C,-0.3289,2,41,31.54,-1.22
W353G,-1.0640,0,87,66.92,-2.17
W353L,-1.3819,1,45,34.62,-2.15
W353R,-0.7866,1,120,92.31,-1.62
W353S,-0.2453,0,53,40.77,-0.98
N354D,0.1248,76,10,7.69,-0.04
N354H,0.0912,41,0,0.00,-0.07
N354I,0.0556,5,6,4.62,-0.39
N354K,0.1993,158,2,1.54,0.03
N354S,0.1455,25,6,4.62,0.04
N354T,0.1680,2,3,2.31,0.02
N354Y,0.1042,1,4,3.08,-0.38
R355G,-0.9380,0,62,47.69,-2.15
R355K,-0.2987,0,27,20.77,-1.08
R355M,-0.8848,0,48,36.92,-2.10
R355S,-0.1686,0,20,15.38,-0.68
R355T,-0.1103,0,22,16.92,-0.64
R355W,-0.9873,0,116,89.23,-1.98
K356E,0.0508,1,7,5.38,-0.21
K356M,0.0170,3,7,5.38,-0.02
K356N,-0.1484,6,9,6.92,-0.28
K356Q,-0.0637,0,5,3.85,-0.12
K356R,0.0412,68,4,3.08,0.03
K356T,0.0913,2,7,5.38,0.04
R357G,-0.1639,1,9,6.92,-0.42
R357I,0.0972,2,5,3.85,-0.04
R357K,0.1393,507,5,3.85,0.05
R357S,-0.0085,0,6,4.62,-0.06
R357T,0.0719,2,5,3.85,-0.07
I358F,0.1513,1,0,0.00,0.10
I358L,0.1032,1,1,0.77,0.00
I358M,0.1272,0,3,2.31,-0.01
I358N,-0.2061,0,14,10.77,-0.91
I358S,-0.1925,0,13,10.00,-0.78
I358T,-0.2120,0,11,8.46,-0.83
I358V,-0.0968,5,3,2.31,-0.14
S359C,0.0930,1,5,3.85,-0.05
S359G,0.0796,3,5,3.85,-0.08
S359I,0.0792,0,4,3.08,-0.15
S359N,0.0615,46,3,2.31,0.04
S359R,0.0658,10,0,0.00,-0.03
S359T,0.0243,174,1,0.77,-0.02
N360D,-0.0294,0,6,4.62,-0.03
N360H,0.0793,0,1,0.77,-0.04
N360I,-0.2063,1,1,0.77,-0.71
N360K,0.0492,1,0,0.00,-0.12
N360S,-0.0269,3,3,2.31,-0.16
N360T,-0.1472,0,2,1.54,-0.35
N360Y,0.0231,4,1,0.77,-0.33
C361F,0.1543,1,4,3.08,-0.59
C361G,0.0125,0,23,17.69,-0.72
C361R,0.1492,0,15,11.54,-0.66
C361S,0.0692,18,6,4.62,-0.61
C361W,0.0795,0,4,3.08,-0.70
C361Y,0.1078,0,7,5.38,-0.64
V362A,-0.0591,1,1,0.77,-0.09
V362D,0.1056,0,5,3.85,-0.18
V362F,0.1082,74,1,0.77,-0.01
V362G,0.0767,0,3,2.31,-0.21
V362I,0.1148,1,1,0.77,0.04
V362L,0.0964,1,1,0.77,-0.03
A363D,-0.0902,1,8,6.15,-0.66
A363G,0.1390,0,7,5.38,-0.13
A363P,0.1829,0,13,10.00,-0.15
A363S,0.0172,3,2,1.54,-0.19
A363T,0.0776,2,3,2.31,-0.18
A363V,0.1884,3,3,2.31,-0.13
D364A,-0.4226,0,4,3.08,-0.62
D364E,-0.0452,1,3,2.31,-0.30
D364G,-0.3515,0,6,4.62,-0.62
D364H,-0.2093,0,2,1.54,-0.50
D364N,-0.1862,7,0,0.00,-0.22
D364V,-0.2157,0,2,1.54,-0.64
D364Y,-0.0456,1,5,3.85,-0.55
Y365C,-0.0129,0,33,25.38,-0.45
Y365D,-0.0724,1,42,32.31,-0.68
Y365F,0.2734,0,0,0.00,0.00
Y365H,0.0142,2,2,1.54,-0.55
Y365N,-0.0236,0,6,4.62,-0.55
Y365S,0.0071,1,12,9.23,-0.42
S366A,0.0314,0,0,0.00,-0.03
S366C,0.0489,0,2,1.54,-0.38
S366F,0.2242,3,4,3.08,-0.23
S366P,0.0828,3,30,23.08,-0.43
S366T,0.0782,0,0,0.00,-0.01
S366Y,0.2410,0,1,0.77,-0.23
V367A,-0.0654,76,0,0.00,0.11
V367D,0.1064,0,5,3.85,-0.05
V367F,0.1764,900,0,0.00,0.07
V367G,-0.0493,2,4,3.08,-0.04
V367I,0.0317,34,0,0.00,-0.03
V367L,0.0465,411,0,0.00,0.02
L368I,0.1205,20,3,2.31,-0.04
L368P,-0.2121,0,58,44.62,-0.96
L368Q,-0.1183,0,37,28.46,-0.90
L368R,-0.2657,0,42,32.31,-1.01
L368V,-0.0875,0,6,4.62,-0.24
Y369C,0.0177,3,23,17.69,-0.10
Y369D,0.0473,0,21,16.15,-0.17
Y369F,0.0686,7,2,1.54,-0.08
Y369H,0.0047,8,9,6.92,-0.07
Y369N,-0.0277,0,15,11.54,-0.09
Y369S,-0.0452,0,23,17.69,-0.03
N370D,-0.0252,5,5,3.85,-0.04
N370H,0.0187,33,1,0.77,-0.03
N370I,0.0682,0,4,3.08,-0.58
N370K,0.0961,44,2,1.54,-0.04
N370S,-0.0569,52,4,3.08,-0.02
N370T,-0.0314,0,2,1.54,-0.02
N370Y,0.2105,0,0,0.00,-0.14
S371A,-0.1491,3,2,1.54,-0.09
S371C,0.0424,0,2,1.54,-0.26
S371F,0.1989,6,0,0.00,-0.19
S371P,0.0872,10,19,14.62,-0.16
S371T,0.0802,30,2,1.54,-0.03
S371Y,0.2516,1,0,0.00,-0.12
A372E,-0.0188,1,1,0.77,0.01
A372G,0.0016,1,7,5.38,0.00
A372P,0.1384,6,16,12.31,-0.14
A372S,-0.0705,3,1,0.77,-0.19
A372T,-0.0597,8,0,0.00,-0.16
A372V,-0.0479,51,1,0.77,-0.12
S373A,-0.1697,11,1,0.77,-0.03
S373L,0.0220,97,0,0.00,-0.02
S373P,0.0835,49,7,5.38,-0.08
S373T,0.0047,0,0,0.00,0.00
F374C,-0.0710,0,20,15.38,-0.61
F374I,-0.0665,0,7,5.38,-0.15
F374L,-0.1762,6,7,5.38,-0.25
F374S,-0.1321,0,17,13.08,-0.35
F374V,-0.1662,0,5,3.85,-0.32
F374Y,-0.0356,1,8,6.15,-0.06
S375A,-0.0240,0,5,3.85,-0.13
S375C,0.0895,0,5,3.85,-0.50
S375F,0.0609,9,1,0.77,-0.55
S375P,0.0206,1,12,9.23,-0.40
S375T,0.0392,15,5,3.85,-0.06
S375Y,0.0786,0,3,2.31,-0.29
T376A,-0.0016,0,10,7.69,-0.26
T376I,0.1338,82,7,5.38,-0.07
T376N,0.0640,5,11,8.46,-0.19
T376P,-0.1764,0,65,50.00,-1.01
T376S,-0.0269,4,9,6.92,-0.07
F377C,-0.0723,0,52,40.00,-0.40
F377I,0.0396,0,21,16.15,-0.16
F377L,-0.0171,1,20,15.38,-0.20
F377S,-0.2509,0,34,26.15,-0.83
F377V,0.0523,0,24,18.46,-0.15
F377Y,-0.0294,0,19,14.62,-0.24
K378E,0.1282,2,21,16.15,-0.04
K378M,0.1851,1,21,16.15,-0.13
K378N,0.0573,48,25,19.23,-0.02
K378Q,0.0792,1,19,14.62,-0.01
K378R,0.0881,3,19,14.62,0.08
K378T,0.0979,0,21,16.15,-0.16
C379F,0.2834,0,23,17.69,-0.65
C379G,-2.7246,0,85,65.38,-4.51
C379R,-2.3877,0,74,56.92,-4.12
C379S,-0.3001,0,72,55.38,-1.61
C379W,0.3658,0,26,20.00,-0.46
C379Y,0.0553,0,26,20.00,-1.05
Y380C,-0.2892,0,46,35.38,-1.37
Y380D,-1.4319,0,70,53.85,-3.05
Y380F,0.0921,5,3,2.31,-0.04
Y380H,-0.1581,0,8,6.15,-0.53
Y380N,-0.5322,0,34,26.15,-1.49
Y380S,-0.2586,0,34,26.15,-1.17
G381A,0.0318,0,8,6.15,-0.52
G381E,-0.0721,1,11,8.46,-0.54
G381R,0.1070,9,11,8.46,-0.03
G381V,0.0134,0,15,11.54,-0.70
V382A,-0.1325,1,11,8.46,-0.26
V382E,-0.0501,0,13,10.00,-0.52
V382G,-0.0873,0,26,20.00,-0.68
V382L,0.0355,366,2,1.54,-0.05
V382M,0.0153,2,2,1.54,-0.14
S383A,-0.0140,3,5,3.85,-0.01
S383C,0.1756,0,9,6.92,-0.14
S383F,0.1835,1,10,7.69,-0.14
S383P,0.1276,0,18,13.85,-0.08
S383T,0.1015,0,7,5.38,0.06
S383Y,0.1874,0,8,6.15,-0.07
P384A,0.0977,0,15,11.54,0.01
P384H,0.2082,2,22,16.92,-0.03
P384L,0.2681,753,18,13.85,0.01
P384R,0.1463,0,18,13.85,0.03
P384S,0.1151,375,27,20.77,-0.09
P384T,0.1514,3,19,14.62,-0.05
T385A,-0.0934,2,5,3.85,0.00
T385I,0.0314,222,2,1.54,-0.04
T385N,0.0049,238,6,4.62,0.01
T385P,0.1080,0,14,10.77,-0.04
T385S,-0.0532,1,4,3.08,-0.01
K386E,0.0979,0,13,10.00,0.02
K386I,0.0229,0,12,9.23,-0.08
K386N,0.0069,0,14,10.77,0.04
K386Q,0.0147,0,11,8.46,0.01
K386R,0.0335,0,5,3.85,-0.06
K386T,0.0116,0,11,8.46,-0.01
L387F,0.0072,0,5,3.85,-0.31
L387I,-0.0453,0,4,3.08,-0.17
L387S,-0.0662,0,30,23.08,-0.59
L387V,-0.1247,0,7,5.38,-0.43
N388D,0.2499,7,4,3.08,0.03
N388H,0.1176,0,0,0.00,-0.09
N388I,0.0218,0,0,0.00,-0.29
N388K,0.1105,0,2,1.54,-0.14
N388S,0.0564,1,1,0.77,-0.08
N388T,0.0532,0,1,0.77,-0.14
N388Y,0.1760,0,0,0.00,-0.32
D389A,-0.0759,0,1,0.77,-0.10
D389E,0.0607,14,0,0.00,0.03
D389G,0.0417,3,1,0.77,-0.05
D389H,0.0468,0,0,0.00,-0.03
D389N,-0.0155,4,0,0.00,-0.05
D389V,-0.0063,0,1,0.77,-0.29
D389Y,0.2515,0,0,0.00,-0.04
L390F,0.0442,29,0,0.00,-0.04
L390H,-0.0072,0,1,0.77,-0.06
L390I,0.0032,1,2,1.54,-0.06
L390P,0.0393,0,16,12.31,-0.43
L390R,-0.0088,0,0,0.00,-0.08
L390V,-0.0508,0,4,3.08,-0.10
C391F,0.1886,0,5,3.85,-0.16
C391G,0.0910,0,13,10.00,-0.15
C391R,0.1241,0,4,3.08,-0.07
C391S,0.0686,0,4,3.08,-0.09
C391W,0.1449,0,3,2.31,-0.17
C391Y,0.1457,0,6,4.62,-0.13
F392C,0.0484,0,15,11.54,-0.04
F392I,0.0433,0,6,4.62,-0.05
F392L,0.0054,0,4,3.08,-0.08
F392S,0.0039,1,15,11.54,-0.11
F392V,0.0044,2,6,4.62,0.00
F392Y,0.0481,0,3,2.31,0.02
T393A,-0.0705,1,2,1.54,0.03
T393I,0.1156,5,3,2.31,-0.09
T393N,0.0451,0,2,1.54,-0.03
T393P,0.1530,1,7,5.38,-0.16
T393S,0.0199,0,1,0.77,0.00
N394D,0.0444,16,6,4.62,-0.08
N394H,0.1454,0,2,1.54,0.00
N394I,0.0976,0,3,2.31,-0.13
N394K,0.1222,1,3,2.31,-0.10
N394S,0.0530,19,2,1.54,0.01
N394T,0.0359,3,3,2.31,-0.04
N394Y,0.1639,7,6,4.62,-0.02
V395A,0.0019,1,2,1.54,-0.16
V395D,-1.8151,0,73,56.15,-3.52
V395F,0.1113,2,5,3.85,-0.19
V395G,0.1808,0,29,22.31,-0.18
V395I,0.0573,9,0,0.00,0.00
V395L,0.1254,3,0,0.00,-0.03
Y396C,0.2128,0,6,4.62,-0.23
Y396D,0.1721,0,9,6.92,-0.30
A397E,-0.6489,0,73,56.15,0.00
Y396F,0.0683,5,3,2.31,-0.02
Y396H,-0.0333,1,2,1.54,-0.29
Y396N,0.0516,0,5,3.85,-0.07
Y396S,0.0320,0,5,3.85,-0.38
A397G,-0.1185,0,28,21.54,-1.07
A397P,-2.1370,0,80,61.54,-3.95
A397S,0.0483,2,9,6.92,-0.70
A397T,0.0594,0,6,4.62,-0.47
A397V,0.0993,1,2,1.54,-0.15
D398A,-2.4334,0,59,45.38,-4.34
D398E,-0.3945,0,38,29.23,-1.59
D398G,-3.0559,0,85,65.38,-4.76
D398H,0.3877,0,27,20.77,-0.85
D398N,-1.5761,0,73,56.15,-3.46
D398V,-0.2338,0,82,63.08,-2.08
D398Y,0.0543,0,40,30.77,-1.09
S399A,0.1296,0,3,2.31,-0.37
S399L,-0.0520,0,4,3.08,-0.87
S399P,-2.0391,0,81,62.31,-3.93
S399T,0.1462,0,2,1.54,-0.10
F400C,-2.3813,0,127,97.69,-4.61
F400I,-2.5435,0,121,93.08,-4.80
F400L,-0.4059,0,49,37.69,-1.61
F400S,-2.7247,0,89,68.46,-4.80
F400V,-2.5774,0,88,67.69,-4.50
F400Y,0.6711,0,46,35.38,-0.90
V401A,0.2607,0,26,20.00,-0.66
V401E,-2.8145,0,87,66.92,-4.13
V401G,-2.9799,0,85,65.38,-4.32
V401I,0.2891,5,62,47.69,-0.26
V401L,0.7544,12,41,31.54,-0.33
I402F,-2.8545,0,122,93.85,-4.80
I402L,0.1501,6,37,28.46,-0.05
I402M,-0.0538,0,51,39.23,-0.91
I402N,-2.6807,0,89,68.46,-4.69
I402S,-0.6409,0,87,66.92,-2.26
I402T,0.7805,0,81,62.31,-0.55
I402V,0.4131,39,23,17.69,0.01
R403G,-0.8237,1,72,55.38,-1.70
R403I,-0.6344,0,71,54.62,-1.73
R403K,0.1778,162,42,32.31,-0.06
R403S,-0.3648,1,76,58.46,-0.84
R403T,-0.1772,0,59,45.38,-0.69
G404A,-0.1138,0,15,11.54,-0.93
G404C,-0.2079,7,40,30.77,-1.17
G404D,-0.8148,0,55,42.31,-2.46
G404R,-0.3900,0,33,25.38,-1.29
G404S,-0.0999,1,16,12.31,-1.02
G404V,-0.9610,0,59,45.38,-2.56
D405A,0.2097,0,7,5.38,-0.07
D405E,0.2476,7,11,8.46,-0.25
D405G,0.4687,9,20,15.38,-0.33
D405H,0.1833,5,9,6.92,-0.15
D405N,0.2673,5,6,4.62,-0.10
D405V,0.0193,1,9,6.92,-0.60
D405Y,0.1231,18,6,4.62,-0.28
E406A,0.6043,0,30,23.08,-0.38
E406D,0.3114,10,13,10.00,-0.07
E406G,0.4908,0,80,61.54,-0.59
E406K,-0.1044,1,33,25.38,-0.96
E406Q,0.1717,95,17,13.08,0.07
E406V,0.5073,0,30,23.08,-0.60
V407A,-0.0480,1,36,27.69,-0.86
V407D,-2.5382,0,85,65.38,-4.80
V407F,-0.0851,0,16,12.31,-1.09
V407G,-0.9945,0,85,65.38,-2.63
V407I,0.2353,25,18,13.85,-0.10
V407L,0.1467,0,10,7.69,-0.03
R408G,-0.0141,30,57,43.85,-0.08
R408I,0.1949,90,25,19.23,-0.09
R408K,0.0491,76,14,10.77,0.00
R408S,0.1010,4,42,32.31,-0.06
R408T,-0.0571,6,48,36.92,-0.11
Q409E,0.1641,0,38,29.23,-0.15
Q409H,0.0960,0,19,14.62,-0.67
Q409K,0.3953,1,26,20.00,-0.65
Q409L,0.1189,1,61,46.92,-0.75
Q409P,-3.0939,0,83,63.85,-4.63
Q409R,0.1848,0,36,27.69,-0.78
I410F,-1.4742,0,61,46.92,-3.27
I410L,0.9071,0,17,13.08,-0.36
I410M,0.4619,0,41,31.54,-0.72
I410N,-2.8721,0,128,98.46,-3.60
I410S,-3.2485,0,88,67.69,-4.80
I410T,-2.8866,0,82,63.08,-4.48
I410V,0.7105,76,27,20.77,-0.11
A411D,0.4007,0,37,28.46,-0.69
A411G,1.0159,0,30,23.08,-0.10
A411P,-2.3752,1,86,66.15,-4.50
A411S,0.5023,93,11,8.46,-0.14
A411T,0.2709,3,13,10.00,-0.52
A411V,0.4440,2,12,9.23,-0.40
P412A,-0.2239,0,14,10.77,-1.07
P412L,-0.1990,0,6,4.62,-1.15
P412Q,-0.4334,1,14,10.77,-1.57
P412R,-0.5625,0,16,12.31,-1.50
P412S,-0.3775,0,18,13.85,-1.50
P412T,-0.1494,0,15,11.54,-1.05
G413A,0.0447,3,2,1.54,-0.16
G413E,-0.0541,9,18,13.85,-0.20
G413R,0.1567,26,5,3.85,-0.08
G413V,0.1373,5,5,3.85,-0.59
G413W,0.1582,12,15,11.54,-0.41
Q414E,0.0085,7,18,13.85,-0.06
Q414H,-0.0681,0,2,1.54,-0.18
Q414K,0.1234,402,3,2.31,-0.04
Q414L,-0.0593,1,7,5.38,-0.26
Q414P,-0.1380,1,39,30.00,-1.01
Q414R,0.0708,218,7,5.38,-0.04
T415A,-0.0142,12,0,0.00,-0.04
T415I,0.0064,1,4,3.08,-0.10
T415N,0.0374,22,1,0.77,-0.02
T415P,0.0471,0,7,5.38,-0.29
T415S,0.1324,9,5,3.85,0.01
G416A,-0.3102,0,54,41.54,-1.31
G416E,-1.2292,0,75,57.69,-2.01
G416R,-1.9903,0,67,51.54,-2.89
G416V,-2.7848,0,117,90.00,-4.60
K417E,0.0115,1,43,33.08,-0.75
K417M,0.0000,2,33,25.38,-0.39
K417N,0.1661,3981,53,40.77,-0.45
K417Q,-0.1887,0,36,27.69,-0.62
K417R,0.0105,18,35,26.92,-0.17
K417T,0.0116,8481,37,28.46,-0.26
I418F,-1.1023,0,32,24.62,-2.66
I418L,0.5581,0,16,12.31,-0.73
I418M,0.4306,0,37,28.46,-0.76
I418N,-2.7394,0,128,98.46,-4.79
I418S,-1.7213,0,82,63.08,-3.48
I418T,0.5774,0,72,55.38,-0.85
I418V,0.4258,4,36,27.69,-0.17
A419D,-1.5872,0,70,53.85,-3.23
A419G,0.3797,0,29,22.31,-0.80
A419P,0.6407,0,78,60.00,-0.22
A419S,0.4147,53,4,3.08,-0.10
A419T,0.2388,1,11,8.46,-0.23
A419V,0.5806,1,19,14.62,-0.49
D420A,0.4484,3,16,12.31,-0.11
D420E,0.2599,0,35,26.92,-0.13
D420G,0.4079,1,44,33.85,-0.56
D420H,0.5080,0,12,9.23,-0.29
D420N,-0.0119,9,6,4.62,-0.02
D420V,0.9813,0,9,6.92,-0.67
D420Y,0.5024,4,21,16.15,-0.30
Y421C,0.1011,0,52,40.00,-0.43
Y421D,-1.2569,0,124,95.38,-1.72
Y421F,0.9395,1,12,9.23,-0.02
Y421H,0.2031,0,32,24.62,-0.60
Y421N,0.1250,0,51,39.23,-0.18
Y421S,0.1445,0,68,52.31,-0.76
N422D,-0.8831,0,87,66.92,-2.64
N422H,-2.2579,0,81,62.31,-4.80
N422I,-2.6610,0,88,67.69,-4.77
N422K,-2.3917,0,123,94.62,-4.73
N422S,0.8947,0,96,73.85,-0.75
N422T,-2.2863,0,74,56.92,-4.53
N422Y,-2.5418,0,87,66.92,-4.62
Y423C,-2.1859,0,89,68.46,-4.57
Y423D,-2.5473,0,89,68.46,-4.70
Y423F,0.1109,0,3,2.31,-0.58
Y423H,-2.0599,0,84,64.62,-4.26
Y423N,-2.5238,0,89,68.46,-4.77
Y423S,-2.3326,0,89,68.46,-4.79
K424E,-0.8537,0,49,37.69,-2.56
K424I,-0.5676,0,54,41.54,-2.03
K424N,0.0888,1,57,43.85,-0.30
K424Q,-0.0576,0,49,37.69,-0.56
K424R,0.0462,0,31,23.85,-0.07
K424T,-2.1887,0,56,43.08,-4.80
L425F,-0.3228,0,15,11.54,-1.38
L425I,0.5660,0,6,4.62,-0.04
L425S,-2.0281,0,81,62.31,-4.52
L425V,0.1721,4,19,14.62,-0.04
P426A,0.1105,0,7,5.38,-0.18
P426L,-0.2921,0,53,40.77,-1.38
P426Q,0.0069,0,10,7.69,-0.78
P426R,0.0325,0,12,9.23,-0.63
P426S,0.1212,10,6,4.62,-0.22
P426T,0.0895,1,4,3.08,-0.57
D427A,-0.0844,6,1,0.77,0.04
D427E,-0.0692,4,1,0.77,0.02
D427G,-0.0433,25,4,3.08,-0.05
D427H,-0.0375,14,1,0.77,0.00
D427N,-0.1133,581,1,0.77,0.00
D427V,0.1294,9,1,0.77,-0.03
D427Y,0.1732,40,2,1.54,-0.09
D428A,-0.0473,0,5,3.85,-0.13
D428E,-0.0401,5,3,2.31,-0.06
D428G,-0.0430,15,6,4.62,-0.12
D428H,-0.0058,1,1,0.77,-0.07
D428N,-0.0626,0,0,0.00,0.01
D428V,0.1068,0,2,1.54,-0.21
D428Y,0.2025,2,2,1.54,-0.18
F429C,-1.5414,0,76,58.46,-3.17
F429I,-0.1798,0,20,15.38,-0.90
F429L,-0.1489,0,12,9.23,-0.69
F429S,-2.4132,0,72,55.38,-4.79
F429V,-0.2023,0,23,17.69,-0.93
F429Y,0.2077,0,6,4.62,-0.54
T430A,-0.0444,2,2,1.54,-0.17
T430I,0.0684,41,4,3.08,0.03
T430K,0.0860,0,4,3.08,0.03
T430P,-0.8740,0,19,14.62,-2.11
T430R,0.0551,0,3,2.31,0.00
T430S,0.1005,0,4,3.08,-0.15
G431A,-2.3452,0,40,30.77,-4.80
G431C,-1.0994,0,42,32.31,-2.77
G431D,-2.3729,0,88,67.69,-4.72
G431R,-2.6255,0,87,66.92,-4.79
G431S,-2.1627,0,85,65.38,-4.46
G431V,-2.3621,0,124,95.38,-4.71
C432F,-0.0765,0,14,10.77,-0.89
C432G,-2.7148,0,126,96.92,-4.80
C432R,-2.3074,0,73,56.15,-4.80
C432S,-2.2477,0,79,60.77,-4.50
C432W,-0.2123,0,37,28.46,-1.51
C432Y,-0.7716,0,70,53.85,-2.42
V433A,-0.3556,0,53,40.77,-1.58
V433D,-2.5304,0,88,67.69,-4.77
V433F,-2.2566,1,92,70.77,-4.62
V433G,-2.6637,0,86,66.15,-4.78
V433I,0.1571,15,18,13.85,-0.12
V433L,-0.4384,0,16,12.31,-1.56
I434K,-0.9279,1,114,87.69,-2.18
I434L,0.1508,3,2,1.54,-0.05
I434M,0.1832,3,7,5.38,-0.08
I434R,-2.4305,0,80,61.54,-4.23
I434T,0.3370,4,28,21.54,-0.36
I434V,0.1286,53,7,5.38,-0.07
A435D,-1.7870,0,78,60.00,-3.23
A435G,0.2262,0,39,30.00,-0.36
A435P,-2.4472,0,120,92.31,-4.18
A435S,0.1390,22,8,6.15,-0.07
A435T,0.1933,4,7,5.38,-0.17
A435V,-0.0287,0,2,1.54,-0.61
W436C,-0.1338,1,13,10.00,-1.00
W436G,-0.1882,0,48,36.92,-1.29
W436L,-0.2617,1,16,12.31,-0.78
W436R,-0.2735,0,17,13.08,-0.62
W436S,-0.1648,0,13,10.00,-0.66
N437D,-0.5278,0,30,23.08,-1.48
N437H,-0.9484,0,10,7.69,-1.89
N437I,-1.2066,0,38,29.23,-2.21
N437K,-0.0056,0,23,17.69,-0.78
N437S,0.0417,1,15,11.54,-0.51
N437T,-0.4510,0,16,12.31,-1.23
N437Y,-1.8301,0,16,12.31,-3.62
S438A,0.0295,6,0,0.00,-0.01
S438C,-0.0777,0,13,10.00,-0.38
S438F,-1.1859,2,93,71.54,-2.79
S438P,-2.4167,0,63,48.46,-4.61
S438T,0.0026,2,0,0.00,-0.10
S438Y,-1.0407,1,42,32.31,-2.56
N439D,-0.4260,0,30,23.08,-1.15
N439H,-0.2292,0,3,2.31,-0.75
N439I,0.2157,4,12,9.23,-0.25
N439K,0.1792,11887,11,8.46,0.04
N439S,-0.4971,1,8,6.15,-1.22
N439T,-0.5441,1,10,7.69,-1.08
N439Y,-0.6417,0,9,6.92,-1.20
N440D,0.3198,5,6,4.62,-0.02
N440H,0.3259,2,1,0.77,0.02
N440I,0.3675,6,3,2.31,-0.09
N440K,0.6161,892,0,0.00,0.07
N440S,0.1499,122,2,1.54,0.04
N440T,0.2791,11,3,2.31,-0.02
N440Y,0.1842,19,4,3.08,-0.07
L441F,0.0632,10,1,0.77,-0.07
L441H,0.0190,2,1,0.77,-0.12
L441I,-0.0239,15,2,1.54,0.02
L441P,0.1585,0,37,28.46,-0.48
L441R,-0.0288,23,8,6.15,-0.13
L441V,0.0545,4,2,1.54,0.03
D442A,-1.5984,0,41,31.54,-2.80
D442E,-0.4202,2,45,34.62,-1.23
D442G,-2.5863,0,86,66.15,-3.70
D442H,-0.9957,0,105,80.77,-2.59
D442N,-1.4486,0,14,10.77,-2.80
D442V,-0.3597,10,25,19.23,-1.42
D442Y,-1.1123,9,50,38.46,-2.48
S443A,0.3417,8,3,2.31,-0.27
S443C,-0.6079,4,34,26.15,-1.36
S443F,-0.9240,9,66,50.77,-2.29
S443P,-0.9665,0,83,63.85,-2.46
S443T,-0.2496,1,3,2.31,-1.14
S443Y,-0.8372,4,50,38.46,-2.17
K444E,0.3330,0,17,13.08,-0.07
K444M,0.4243,13,12,9.23,-0.04
K444N,0.1024,74,17,13.08,-0.12
K444Q,0.1935,0,10,7.69,0.01
K444R,0.2006,62,10,7.69,-0.06
K444T,0.5999,0,13,10.00,-0.03
V445A,0.0961,39,8,6.15,-0.04
V445D,-0.0686,1,13,10.00,-0.16
V445F,0.2530,17,3,2.31,-0.10
V445G,-0.2554,2,20,15.38,-0.29
V445I,0.3273,22,0,0.00,-0.01
V445L,0.1072,1,5,3.85,-0.03
G446A,-0.0672,2,7,5.38,-0.26
G446C,-0.0398,0,5,3.85,-0.97
G446D,0.0401,7,15,11.54,-0.20
G446R,0.3295,2,7,5.38,-0.16
G446S,0.0046,25,5,3.85,-0.20
G446V,0.1583,182,9,6.92,-0.27
G447A,-0.5726,0,10,7.69,-1.18
G447C,-0.8992,2,45,34.62,-1.78
G447D,-0.8386,3,38,29.23,-1.76
G447R,-0.6553,1,23,17.69,-1.57
G447S,-0.6370,12,10,7.69,-1.24
G447V,-0.5607,8,17,13.08,-1.52
N448D,0.4244,3,37,28.46,-0.67
N448H,-0.2941,0,17,13.08,-0.88
N448I,-0.2899,0,45,34.62,-1.42
N448K,-0.3576,2,22,16.92,-1.18
N448S,-0.5125,21,12,9.23,-0.89
N448T,-0.0081,2,10,7.69,-0.77
N448Y,0.1252,2,29,22.31,-0.68
Y449C,-1.0458,2,56,43.08,-1.73
Y449D,-1.0226,15,91,70.00,-1.55
Y449F,-0.3866,5,13,10.00,-1.08
Y449H,-0.4881,58,21,16.15,-1.22
Y449N,-0.5420,2,40,30.77,-1.22
Y449S,-0.8112,38,85,65.38,-1.25
N450D,0.2105,9,18,13.85,-0.02
N450H,0.2478,0,1,0.77,-0.08
N450I,0.4476,1,5,3.85,-0.18
N450K,0.3535,379,10,7.69,0.04
N450S,0.0456,2,10,7.69,-0.07
N450T,-0.5590,0,8,6.15,-1.11
N450Y,0.3405,1,6,4.62,-0.13
Y451C,0.0109,1,60,46.15,-0.64
Y451D,-1.7527,0,88,67.69,-2.54
Y451F,0.4131,0,3,2.31,-0.09
Y451H,0.1492,13,12,9.23,-0.11
Y451N,0.1663,0,74,56.92,-0.58
Y451S,-0.2783,0,64,49.23,-0.83
L452M,0.5966,382,7,5.38,0.06
L452P,-0.3427,1,68,52.31,-1.43
L452Q,0.9802,3,27,20.77,0.07
L452R,0.5752,25430,39,30.00,0.02
L452V,0.3268,3,16,12.31,0.02
Y453C,0.6284,0,68,52.31,-0.26
Y453D,-2.8329,0,87,66.92,-3.49
Y453F,0.5225,232,4,3.08,0.25
Y453H,0.3624,1,10,7.69,-0.07
Y453N,-0.0101,0,67,51.54,-0.82
Y453S,0.7893,0,67,51.54,-0.21
R454G,-2.9796,1,81,62.31,-4.72
R454I,-2.7052,0,81,62.31,-4.39
R454K,0.9525,2,30,23.08,-1.12
R454S,-2.2403,0,77,59.23,-4.32
R454T,-2.5976,0,77,59.23,-4.41
L455F,-0.0415,304,20,15.38,-0.19
L455M,0.8557,1,6,4.62,0.05
L455S,-0.2100,7,39,30.00,-0.78
L455V,-0.2112,0,26,20.00,-0.73
L455W,0.1100,0,13,10.00,-0.27
F456C,-0.5326,0,70,53.85,-1.20
F456I,-0.8477,0,53,40.77,-1.21
F456L,-0.0822,14,89,68.46,-0.11
F456S,-1.7142,0,71,54.62,-2.42
F456V,-0.3455,1,62,47.69,-0.61
F456Y,-0.8053,2,35,26.92,-1.50
R457G,0.7071,0,83,63.85,-0.65
R457K,0.9654,2,24,18.46,-0.32
R457M,0.0897,0,60,46.15,-1.02
R457S,0.3281,2,52,40.00,-0.56
R457T,-0.9542,0,51,39.23,-1.86
R457W,-2.9059,0,84,64.62,-4.11
K458E,0.2108,2,17,13.08,0.06
K458M,0.3098,0,6,4.62,-0.04
K458N,0.0032,88,8,6.15,-0.12
K458Q,0.2349,1,6,4.62,0.00
K458R,0.0928,1,9,6.92,-0.01
K458T,0.0811,4,10,7.69,0.00
S459A,0.0427,0,0,0.00,-0.03
S459C,0.3491,0,4,3.08,-0.14
S459F,0.4998,40,0,0.00,-0.10
S459P,0.0949,3,22,16.92,-0.22
S459T,0.1176,0,0,0.00,0.01
S459Y,0.5234,49,0,0.00,-0.09
N460D,0.0300,1,28,21.54,-0.06
N460H,0.2132,1,0,0.00,0.02
N460I,0.1907,38,13,10.00,0.02
N460K,0.2741,7,1,0.77,0.09
N460S,0.1558,16,9,6.92,-0.08
N460T,0.0007,3,4,3.08,-0.16
N460Y,0.1683,0,9,6.92,-0.04
L461F,0.0439,1,3,2.31,-0.88
L461H,-0.7456,0,70,53.85,-2.22
L461I,0.3095,4,10,7.69,-0.01
L461P,-2.4869,1,86,66.15,-3.70
L461R,-2.5064,0,81,62.31,-4.80
L461V,0.2114,0,17,13.08,-0.04
K462E,0.2143,2,7,5.38,-0.01
K462I,0.2086,5,6,4.62,-0.13
K462N,0.1021,0,4,3.08,-0.08
K462Q,0.2145,1,4,3.08,-0.02
K462R,0.1207,3,3,2.31,-0.05
K462T,0.3344,8,5,3.85,-0.05
P463A,0.0760,0,5,3.85,-0.07
P463H,-0.0234,1,2,1.54,-0.53
P463L,-0.1197,1,4,3.08,-0.84
P463R,-0.0707,0,5,3.85,-0.75
P463S,0.1144,59,4,3.08,-0.20
P463T,0.0172,0,5,3.85,-0.59
F464C,-0.0065,0,34,26.15,-0.29
F464I,-0.0650,0,17,13.08,-0.66
F464L,0.0378,5,9,6.92,-0.12
F464S,-0.0538,1,69,53.08,-0.18
F464V,-0.1368,0,15,11.54,-0.57
F464Y,0.0003,0,11,8.46,-0.04
E465A,0.2730,0,3,2.31,-0.18
E465D,0.4285,9,4,3.08,-0.12
E465G,0.2747,7,6,4.62,-0.11
E465K,0.0906,0,5,3.85,-0.51
E465Q,0.0664,1,4,3.08,-0.02
E465V,0.8400,2,10,7.69,-0.45
R466G,-0.2012,0,21,16.15,-0.97
R466I,0.1324,3,5,3.85,-0.35
R466K,0.1568,6,8,6.15,-0.03
R466S,-0.0014,0,8,6.15,-0.46
R466T,0.0617,0,7,5.38,-0.52
D467A,-0.4570,0,23,17.69,-1.29
D467E,-0.0732,1,16,12.31,-0.80
D467G,-0.5248,0,36,27.69,-1.55
D467H,-0.2189,0,16,12.31,-1.20
D467N,-0.2518,1,30,23.08,-1.14
D467V,-0.2386,1,15,11.54,-1.09
D467Y,-0.4749,0,9,6.92,-1.54
I468F,0.0456,1,0,0.00,-0.19
I468L,0.0766,0,3,2.31,-0.04
I468M,0.0963,1,2,1.54,0.07
I468N,0.1147,0,5,3.85,-0.03
I468S,0.1498,0,7,5.38,-0.07
I468T,0.0727,26,6,4.62,-0.14
I468V,0.0409,59,6,4.62,-0.03
S469A,0.0839,0,1,0.77,-0.06
S469L,-0.1155,3,2,1.54,-0.48
S469P,-1.2212,2,82,63.08,-2.57
S469T,0.1756,1,1,0.77,0.03
T470A,-0.0636,14,7,5.38,-0.04
T470I,0.0208,83,2,1.54,-0.09
T470N,-0.0310,78,10,7.69,-0.02
T470P,-0.1679,0,20,15.38,-0.25
T470S,0.0243,1,8,6.15,-0.02
E471A,0.0777,5,2,1.54,-0.10
E471D,0.4396,25,2,1.54,0.01
E471G,0.0450,31,6,4.62,-0.08
E471K,0.2027,1,7,5.38,-0.15
E471Q,0.5230,128,2,1.54,-0.06
E471V,0.1949,4,2,1.54,-0.06
I472F,0.5490,0,18,13.85,-0.23
I472L,-0.0485,4,4,3.08,-0.10
I472M,0.1933,0,6,4.62,0.02
I472N,-0.3218,0,20,15.38,-1.11
I472S,-0.5591,0,24,18.46,-1.04
I472T,0.0646,6,18,13.85,-0.18
I472V,-0.1265,18,3,2.31,-0.38
Y473C,-1.2423,2,55,42.31,-2.10
Y473D,-2.1943,1,64,49.23,-2.72
Y473F,0.5299,4,8,6.15,-0.16
Y473H,0.0592,3,15,11.54,-0.16
Y473N,-1.1881,0,47,36.15,-2.23
Y473S,-1.1044,0,49,37.69,-2.13
Q474E,0.3659,1,8,6.15,-0.08
Q474H,0.0799,5,2,1.54,-0.18
Q474K,0.1404,0,5,3.85,-0.12
Q474L,-0.0727,0,6,4.62,-0.74
Q474P,0.4341,0,27,20.77,-0.16
Q474R,0.0331,4,5,3.85,-0.12
A475D,-1.2605,0,34,26.15,-2.01
A475G,0.1737,0,45,34.62,-0.13
A475P,-0.5698,0,31,23.85,-1.62
A475S,-0.0732,68,33,25.38,-0.10
A475T,0.0513,14,20,15.38,-0.36
A475V,0.3069,185,10,7.69,-0.14
G476A,-0.0986,24,12,9.23,-0.26
G476C,-0.9466,1,44,33.85,-1.89
G476D,-0.1739,3,14,10.77,-0.54
G476R,-0.4374,0,21,16.15,-1.18
G476S,0.1566,126,10,7.69,-0.02
G476V,-1.0920,4,45,34.62,-1.96
S477C,0.1588,0,7,5.38,-0.44
S477G,-0.0234,58,6,4.62,-0.06
S477I,-0.0002,286,2,1.54,-0.06
S477N,0.0180,26139,0,0.00,0.06
S477R,0.0820,740,0,0.00,-0.03
S477T,-0.0539,3,1,0.77,-0.01
T478A,-0.0788,5,3,2.31,-0.03
T478I,0.1269,278,2,1.54,-0.04
T478K,0.9994,14146,2,1.54,0.02
T478P,-0.0308,0,11,8.46,-0.31
T478R,-0.0100,90,1,0.77,-0.04
T478S,-0.0550,0,7,5.38,-0.01
P479A,0.5559,0,2,1.54,-0.02
P479H,-0.0006,10,1,0.77,-0.07
P479L,0.2009,44,2,1.54,-0.06
P479R,-0.0461,0,2,1.54,-0.06
P479S,0.3844,255,3,2.31,-0.03
P479T,0.5761,2,2,1.54,-0.10
C480F,-1.6762,0,35,26.92,-3.84
C480G,-2.7018,0,83,63.85,-3.44
C480R,-2.4793,0,102,78.46,-3.56
C480S,-2.3398,1,67,51.54,-3.38
C480W,-1.9104,0,47,36.15,-3.62
C480Y,-1.6703,0,48,36.92,-3.55
N481D,0.0674,3,2,1.54,-0.07
N481H,0.0301,1,0,0.00,-0.02
N481I,-0.0627,1,2,1.54,-0.19
N481K,0.1084,86,1,0.77,0.01
N481S,0.0862,18,2,1.54,-0.04
N481T,0.0677,1,2,1.54,-0.11
N481Y,0.0351,3,1,0.77,-0.08
G482A,0.1190,1,4,3.08,-0.08
G482C,0.4500,0,4,3.08,-0.30
G482D,0.3401,3,5,3.85,-0.02
G482R,0.3388,1,3,2.31,-0.10
G482S,0.2845,4,3,2.31,-0.08
G482V,0.0707,4,7,5.38,-0.45
V483A,0.6695,86,17,13.08,-0.03
V483D,0.8949,0,12,9.23,-0.02
V483F,0.5428,268,5,3.85,-0.01
V483G,0.3240,0,28,21.54,-0.04
V483I,0.6702,35,1,0.77,-0.03
V483L,0.4729,8,3,2.31,0.06
E484A,-0.0183,21,42,32.31,-0.07
E484D,0.1727,18,41,31.54,-0.38
E484G,0.0398,22,35,26.92,-0.06
E484K,0.0946,31142,38,29.23,0.06
E484Q,0.0057,1062,30,23.08,0.03
E484V,-0.3604,1,21,16.15,-0.65
G485A,0.0300,32,11,8.46,-0.19
G485C,0.0933,0,21,16.15,-0.59
G485D,0.2440,0,24,18.46,-0.58
G485R,0.0672,12,39,30.00,-0.18
G485S,0.1359,11,10,7.69,-0.20
G485V,-0.0570,17,22,16.92,-0.67
F486C,-0.1473,0,82,63.08,-1.20
F486I,0.2697,20,43,33.08,-0.38
F486L,0.1456,142,52,40.00,-0.47
F486S,0.5575,7,54,41.54,-0.63
F486V,0.3537,0,74,56.92,-0.43
F486Y,-0.0522,1,13,10.00,-0.34
N487D,-0.7586,1,53,40.77,-1.08
N487H,-0.7642,0,33,25.38,-1.87
N487I,-1.1555,0,41,31.54,-2.77
N487K,-0.9547,0,48,36.92,-2.30
N487S,-1.0698,2,30,23.08,-1.51
N487T,-0.8465,1,31,23.85,-1.93
N487Y,-1.9717,0,33,25.38,-2.30
C488F,-2.1905,3,76,58.46,-4.75
C488G,-2.6214,0,84,64.62,-4.30
C488R,-1.7761,1,79,60.77,-2.84
C488S,-1.4551,0,112,86.15,-2.84
C488W,-2.6861,1,73,56.15,-4.61
C488Y,-2.3246,0,67,51.54,-4.69
Y489C,-2.0570,0,68,52.31,-3.24
Y489D,-2.8570,0,73,56.15,-3.37
Y489F,-0.1409,0,26,20.00,-0.95
Y489H,-0.1287,13,67,51.54,-0.66
Y489N,-1.6805,1,65,50.00,-2.57
Y489S,-2.4469,0,67,51.54,-4.80
F490C,0.5074,0,28,21.54,-0.11
F490I,0.4078,5,39,30.00,-0.16
F490L,0.5139,228,33,25.38,-0.11
F490S,0.4406,1633,51,39.23,0.00
F490V,0.6497,23,40,30.77,-0.08
F490Y,0.4146,20,11,8.46,0.06
P491A,0.4637,0,14,10.77,-0.45
P491H,-1.6829,0,63,48.46,-3.76
P491L,-2.1840,1,75,57.69,-4.65
P491R,-3.1152,2,104,80.00,-4.80
P491S,0.3992,4,10,7.69,-0.57
P491T,-0.3263,0,9,6.92,-1.58
L492F,0.7863,0,27,20.77,-0.52
L492I,0.6538,3,16,12.31,0.03
L492S,-2.0329,0,62,47.69,-3.32
L492V,0.8225,0,17,13.08,-0.17
Q493E,-0.0346,1,40,30.77,-0.56
Q493H,0.2385,25,23,17.69,-0.01
Q493K,0.4321,45,26,20.00,0.05
Q493L,0.2279,34,52,40.00,0.05
Q493P,0.0444,0,118,90.77,-0.72
Q493R,0.1271,65,30,23.08,-0.09
S494A,0.1729,6,26,20.00,0.03
S494L,0.0263,27,38,29.23,-0.35
S494P,0.0902,3075,62,47.69,0.00
S494T,0.0738,3,16,12.31,-0.01
Y495C,-1.4773,1,122,93.85,-2.33
Y495D,-1.9168,1,85,65.38,-2.61
Y495F,0.4188,1,18,13.85,-0.50
Y495H,-0.2106,0,44,33.85,-1.10
Y495N,-0.5771,1,79,60.77,-1.43
Y495S,-1.5082,1,81,62.31,-2.43
G496A,0.0092,0,24,18.46,-0.53
G496C,-0.5235,0,37,28.46,-1.42
G496D,-1.1076,2,73,56.15,-2.21
G496R,-1.3052,5,36,27.69,-1.63
G496S,0.0187,70,24,18.46,-0.63
G496V,-0.2149,6,42,32.31,-1.05
F497C,-2.4545,0,82,63.08,-4.78
F497I,-2.3234,0,60,46.15,-4.80
F497L,0.1132,0,62,47.69,-2.05
F497S,-2.9867,0,83,63.85,-4.80
F497V,-2.2471,0,78,60.00,-4.73
F497Y,0.8793,0,67,51.54,-0.59
Q498E,-0.3302,0,41,31.54,-0.98
Q498H,0.2271,8,13,10.00,0.30
Q498K,-2.2222,4,7,5.38,-2.26
Q498L,-0.8396,0,15,11.54,-1.58
Q498P,-2.8546,0,76,58.46,-3.14
Q498R,-0.0969,4,24,18.46,-0.06
P499A,-0.2916,0,12,9.23,-0.47
P499H,0.1470,14,13,10.00,-0.47
P499L,-0.0387,5,7,5.38,-0.36
P499R,0.0440,6,13,10.00,-0.14
P499S,-0.0874,16,14,10.77,-0.23
P499T,0.0494,2,7,5.38,-0.15
T500A,-0.1877,6,6,4.62,-0.56
T500I,-1.3079,1,4,3.08,-2.30
T500N,-0.7391,0,5,3.85,-1.20
T500P,-0.6046,0,13,10.00,-1.12
T500S,-0.1363,3,8,6.15,-0.32
N501D,-1.6930,0,38,29.23,-2.42
N501H,0.7617,18,13,10.00,0.00
N501I,0.3833,7,29,22.31,-0.08
N501K,-1.6479,2,20,15.38,-2.79
N501S,0.1672,16,26,20.00,-0.13
N501T,0.4514,1672,17,13.08,0.10
N501Y,0.5499,388294,24,18.46,0.24
G502A,-1.8825,0,27,20.77,-2.80
G502C,-1.9885,1,55,42.31,-3.11
G502D,-3.1242,1,35,26.92,-4.16
G502R,-3.2607,0,28,21.54,-4.80
G502S,-1.3865,2,28,21.54,-2.70
G502V,-3.0008,1,53,40.77,-4.80
V503A,0.0819,12,7,5.38,-0.06
V503D,0.3650,0,9,6.92,-0.07
V503F,0.1639,38,3,2.31,-0.01
V503G,-0.0557,1,23,17.69,-0.16
V503I,0.1303,102,0,0.00,0.05
V503L,0.4881,2,1,0.77,0.03
G504A,0.2433,0,13,10.00,-0.18
G504C,-0.1310,1,37,28.46,-0.90
G504D,0.1103,8,43,33.08,-0.27
G504R,0.2727,2,26,20.00,-0.38
G504S,0.0301,12,13,10.00,-0.20
G504V,-0.6366,2,22,16.92,-1.41
Y505C,-2.1547,7,78,60.00,-2.36
Y505D,-3.2790,0,62,47.69,-3.07
Y505F,0.1716,2,14,10.77,-0.15
Y505H,-0.2060,32,43,33.08,-0.71
Y505N,-1.7869,0,52,40.00,-2.00
Y505S,-1.9337,0,82,63.08,-2.37
Q506E,-1.4046,0,72,55.38,-2.20
Q506H,0.0489,0,30,23.08,-0.84
Q506K,-0.7802,6,58,44.62,-1.46
Q506L,-0.4863,1,53,40.77,-1.46
Q506P,-3.5875,0,114,87.69,-4.80
Q506R,-0.9634,0,28,21.54,-1.62
P507A,0.3306,5,26,20.00,-0.75
P507L,-3.2345,0,79,60.77,-4.80
P507Q,-3.2439,0,84,64.62,-4.61
P507R,-2.4963,0,86,66.15,-4.80
P507S,-0.1047,6,78,60.00,-1.29
P507T,-2.7888,0,77,59.23,-4.45
Y508C,0.9074,7,32,24.62,-0.33
Y508D,-2.1519,0,65,50.00,-3.08
Y508F,0.3939,0,0,0.00,0.02
Y508H,0.7562,120,5,3.85,0.07
Y508N,0.1447,0,47,36.15,-0.19
Y508S,1.1224,0,37,28.46,-0.40
R509G,-2.8208,1,85,65.38,-4.80
R509I,-1.7426,0,87,66.92,-3.76
R509K,-0.1553,2,51,39.23,-1.11
R509S,-1.5776,0,81,62.31,-3.50
R509T,-0.6143,1,82,63.08,-2.06
V510A,0.2575,1,25,19.23,-0.83
V510E,-2.7094,1,128,98.46,-3.61
V510G,-3.1656,0,88,67.69,-4.80
V510I,0.0914,1,10,7.69,-0.16
V510L,0.0431,5,8,6.15,-0.60
V511A,0.2372,0,36,27.69,-0.78
V511E,-2.2515,0,87,66.92,-4.04
V511G,-2.8934,0,88,67.69,-4.80
V511I,0.1187,4,6,4.62,-0.40
V511L,-0.0553,2,10,7.69,-0.83
V512A,0.2415,1,35,26.92,-0.72
V512E,-2.1787,0,86,66.15,-4.06
V512G,-2.7930,0,128,98.46,-4.67
V512I,0.7336,5,15,11.54,-0.22
V512L,-2.2618,0,68,52.31,-3.97
L513F,0.0386,10,0,0.00,-0.34
L513H,-1.7095,0,81,62.31,-3.61
L513I,0.0129,3,5,3.85,-0.13
L513P,-2.8153,1,127,97.69,-4.76
L513R,-2.2838,0,84,64.62,-4.60
L513V,-0.1704,0,23,17.69,-0.45
S514A,0.0346,0,2,1.54,-0.09
S514C,0.1385,1,5,3.85,-0.12
S514F,0.3519,62,2,1.54,-0.23
S514P,-1.4019,0,79,60.77,-2.52
S514T,0.1711,1,2,1.54,0.01
S514Y,0.2269,2,6,4.62,-0.12
F515C,-0.1610,0,43,33.08,-0.86
F515I,-0.1602,0,12,9.23,-0.38
F515L,-0.0985,0,2,1.54,-0.17
F515S,-0.3222,0,53,40.77,-1.09
F515V,-0.1540,0,13,10.00,-0.42
F515Y,-0.0912,0,13,10.00,-0.22
E516A,-0.0481,0,5,3.85,-0.25
E516D,0.1054,0,5,3.85,-0.02
E516G,0.0533,3,8,6.15,-0.15
E516K,0.1103,0,2,1.54,-0.15
E516Q,0.0608,94,1,0.77,-0.05
E516V,0.0321,0,2,1.54,-0.28
L517F,0.2432,57,0,0.00,-0.02
L517H,0.0767,16,3,2.31,-0.05
L517I,0.0366,9,0,0.00,-0.07
L517P,0.1190,2,4,3.08,-0.14
L517R,0.1407,0,2,1.54,0.06
L517V,0.0154,1,0,0.00,-0.02
L518I,0.0056,4,4,3.08,0.00
L518P,0.0395,9,15,11.54,-0.09
L518Q,0.0718,2,4,3.08,0.00
L518R,0.1421,3,3,2.31,-0.11
L518V,0.0105,1,4,3.08,0.01
H519D,-0.0318,11,5,3.85,0.00
H519L,-0.0678,1,3,2.31,-0.06
H519N,0.0207,1,1,0.77,0.05
H519P,0.0647,20,4,3.08,0.02
H519Q,-0.0041,36,0,0.00,0.00
H519R,-0.0117,3,0,0.00,-0.06
H519Y,0.0233,14,2,1.54,-0.05
A520E,0.1656,0,3,2.31,0.03
A520G,-0.0898,0,7,5.38,0.05
A520P,0.1752,13,11,8.46,0.02
A520S,0.1495,1619,3,2.31,-0.04
A520T,0.1340,17,1,0.77,0.00
A520V,0.0995,90,0,0.00,-0.08
P521A,0.0824,2,1,0.77,-0.04
P521L,0.0877,6,2,1.54,-0.20
P521Q,0.0908,0,1,0.77,0.00
P521R,0.0827,24,0,0.00,-0.01
P521S,0.1069,68,2,1.54,0.04
P521T,0.0876,6,1,0.77,-0.03
A522E,0.2085,3,3,2.31,-0.01
A522G,0.1605,3,5,3.85,0.00
A522P,0.0901,163,2,1.54,0.04
A522S,0.1283,1147,2,1.54,-0.03
A522T,0.1168,5,1,0.77,0.02
A522V,0.0705,369,1,0.77,-0.03
T523A,-0.0111,13,0,0.00,-0.03
T523I,0.0357,8,2,1.54,-0.09
T523N,0.0169,6,3,2.31,-0.02
T523P,0.1013,0,14,10.77,-0.01
T523S,0.0388,0,1,0.77,-0.02
V524A,0.0228,1,3,2.31,-0.07
V524D,0.0403,0,53,40.77,-0.53
V524F,0.0847,0,0,0.00,0.00
V524G,0.2304,0,27,20.77,-0.02
V524I,0.0486,2,1,0.77,-0.06
V524L,0.1167,0,1,0.77,-0.01
C525F,0.2251,0,3,2.31,-0.02
C525G,0.0273,0,31,23.85,-0.25
C525R,0.1269,1,5,3.85,-0.08
C525S,0.0924,0,3,2.31,-0.04
C525W,0.3368,0,6,4.62,-0.11
C525Y,0.1534,0,8,6.15,-0.02
G526A,0.0286,0,2,1.54,-0.06
G526E,0.0944,0,11,8.46,-0.01
G526R,0.1668,1,5,3.85,-0.08
G526V,0.0265,0,7,5.38,-0.04
